0:02,リベンジ早すぎて笑った
0:02,リベンジ頑張ってー
0:12,summon
0:18,幸運を祈ります
0:19,草
0:20,おかえり
0:22,茶葉
0:23,RTA記録更新してこ！
0:24,リベンジマッチだああ
0:27,i love aqua
0:27,がんばれ白上
0:33,おかえり
0:35,り…リベンジ？！
0:36,きちゃ！
0:37,yABE YabE yABe
0:37,がんばれ
0:38,look who back~
0:38,she back bois
0:38,茶葉
0:39,なんか聞こえた？
0:41,音のやつほしい
0:41,konkonkids
0:42,頑張れ〜！
0:42,ハーモニカが聞こえる…
0:42,ちょっと鳴ってるw
0:42,GAMBAREE FRIEND
0:44,聞こえるｗハーモニカガｗ
0:45,Welcome back
0:45,リベンジ…だと…
0:45,フブキちゃんだいじょうぶ?
0:48,ﾌｧｰ
0:48,HI
0:48,頑張って〜
0:49,もうなんか聴こえて草
0:51,各位?上好?
0:53,Round 2 here we go
0:55,ちょっと聞こえたｗ
0:55,さっきより短かったら笑うしかない・・
0:55,Say hi agian friend
0:58,初見ですm(*_ _)m
0:59,ganbare~
0:59,ガンバレ
1:00,若干聞こえるw
1:01,頑張れー！(2回目)
1:01,ikouzee
1:01,Another 10 min of Fubuki . Bet this stream gonna be much shorter
1:01,次の白上は何分保つのか...
1:01,おかえり
1:01,若干聞こえたw
1:01,お帰りr
1:02,2nd Try!
1:02,ラウンド2行く
1:02,リベンジ?(`･ω･´)?がんば〜！
1:02,今度は何分か
1:03,Ｔａｋｅ２
1:03,おかえり
1:03,リベンジきたでな
1:03,きたわね
1:04,・・・
1:04,あ
1:04,"{'text': ""take two let's gooo""}"
1:04,TAKE2
1:05,WELCOME BACK FRIEND
1:05,頑張れー！！
1:06,！
1:08,草
1:08,ファー
1:08,がんばれー！
1:08,おかえり！
1:09,Hi friend
1:09,おかえりー
1:09,リベンジ助かる！
1:09,頑張れ！ｗ
1:09,おかえり〜
1:10,リベンジ頑張って
1:10,Hahahahaha
1:10,?!?!?!?!?!?!??!?!?!?!?!?!
1:10,頑張れ
1:11,さっきと同じとこからスタート！
1:11,がんばれー
1:12,待って
1:12,YOU CAN DO THIS FOX
1:12,びっくりしたね
1:12,おかえり
1:12,草
1:12,おかえり〜
1:12,リベンジーがんばってー！
1:12,おわった
1:13,頑張れ！
1:13,おかえり
1:13,おかかー
1:13,頑張れ〜！
1:14,yABe friend
1:14,こんばんは~
1:14,こんばんきーつね♪
1:14,Hi Friend
1:15,こんばんきーつねー！
1:15,こんこんきーつね！
1:15,ファイト〜！
1:15,Friend is back!
1:15,楽しそうやんけｗ
1:15,草
1:16,Hello againFubuki.
1:16,かわいい
1:16,リベンジマッチだ！w
1:16,こんこんきーつね！
1:16,リベンジ！
1:17,かわいい
1:17,こんこんきーつね！
1:17,頑張れ〜！
1:17,リベンジ再び！
1:17,こんばんきーつねは聞き取れたw
1:18,いきなり演奏ｗ
1:18,IKZ
1:18,茶葉
1:19,こんばんきーつね！
1:19,リベンジがんばれーーーーー！！
1:19,なんて？
1:20,リベンジがんばえ〜
1:20,おかえり
1:20,ニッコニコでかわいい
1:20,やっちゃれ白上
1:20,Hi Friends!
1:20,おかえりなさい
1:20,理解できてきたw
1:21,こんばんきーつね！
1:21,おかえり
1:21,リベンジがんばれー！
1:22,「白上フブキです」はわかったw
1:22,おかえりです！
1:22,かわいい
1:22,まだ始まってないってこと？
1:22,hi friend
1:22,こんばんきーつね！
1:22,リベンジファイトー！
1:23,こんばんきーつね！
1:23,こんばんは〜
1:23,リベンジフォックス
1:23,ばんはー！
1:23,茶葉
1:24,こんばんきーつね
1:25,おかえりー
1:26,がんばって
1:26,なんて？
1:26,しらかみふぶきでーすは聞こえた
1:27,ちゃちゃーん！
1:27,Konbankitsune~
1:27,頑張れ〜
1:27,なんか聞き取れそうだから困るわｗ
1:28,うんうん
1:28,プォー（2回目）
1:28,Hi friend
1:28,それな
1:28,なんて？
1:28,リベンジ頑張れ〜！
1:29,かわいい
1:29,そうだね
1:29,おかえり〜
1:29,こんばんきーつね
1:29,リベンジきーつねー
1:29,こんこんきーつね！
1:29,こんばんわー
1:30,リベンジ！！
1:30,Hi friend
1:30,ロボかな？
1:31,いいよー！！！がんばれー！
1:31,めっちゃ前からフブキさんの事見てました
1:32,cool
1:32,なんて？
1:32,これは余裕の音ですな
1:32,なんて？
1:32,かわいい
1:32,草
1:33,リベンジだー！
1:33,おかえりー
1:33,微妙にわかるｗ
1:33,ファーン！
1:33,リベンジ頑張れ！
1:34,わからんわからん
1:34,息が漏れてる
1:34,なるほどわからん
1:34,今日は1度も爆音でないかな？w
1:34,何言ってるかもう分かる気がしてきた(
1:35,なんて？？？
1:35,頑張れー！
1:35,え、すこん部大好きって言った？
1:35,nante?
1:35,かわいい
1:35,おかえり
1:37,リベンジ枠だー
1:37,頑張れ
1:37,お帰りキーツネ
1:37,おかえり〜
1:37,なんて？
1:38,ちょっと喋ってんの聞こえるw
1:38,こんばんはー
1:38,「ということでリベンジしていこうかと思います」？
1:39,３
1:39,なんとなく歓迎の意を感じる
1:39,わずかに聞き取れて草
1:39,なんて？
1:39,かわいい
1:40,なんて？
1:40,なんて？
1:41,なんか声聞こえるｗｗ
1:41,understood
1:41,もう終わりかー
1:41,リベンジがんばw
1:41,lol
1:41,つまりどういうことだってばよ
1:42,たしかにあれは怖かったw
1:42,こんばんキーーつね！！
1:42,リベンジ頑張れー！
1:43,何か言ってるのは分かるけど一切聞き取れんｗ
1:44,なんて？
1:44,うんうん。頑張るんだぞ
1:44,かわいい
1:45,リベンジきーつね
1:45,茶葉
1:46,うん、わかるわかるぞ、何て？
1:47,おかえりｗ
1:47,なんて？
1:47,なるほど、そういう事ね
1:48,お、新しい切り抜きか
1:48,えっと… あーっと
1:48,誰か翻訳頼む
1:48,リベンジ頑張れー！
1:48,ハーモニカから漏れてるフブさんの吐息混じりの声マジ好き
1:48,草
1:48,かわいい
1:49,おかえり〜
1:49,RTA更新なるか
1:49,はーい
1:49,なんて？
1:49,あれ？デジャヴ？
1:49,なるほど
1:49,ばんは〜~
1:49,やっていこうとおもいますしかわからない
1:50,ぶっちゃけなに言ってるかわからん
1:50,リベンジがんばれ〜
1:50,なるほど、わからんｗ
1:50,聞き取れるｗ
1:50,？
1:50,くぁわいいい＾＾＾
1:50,わかる〜
1:50,ロシア語はわかんねえや
1:51,こんこん
1:51,this is the part where we really need a translator lol
1:51,続きからやっていこうと思います
1:51,わかるww
1:52,おかえり！頑張れ！
1:52,なんて？
1:52,まるで意味がわからんぞ
1:52,な、なんて？
1:52,急に来たもんね〜w
1:53,あ、なんか聞こえてきたw
1:53,やっていこうとおもいます？ｗ
1:53,なんて？
1:55,やっていこうとおもいますｗｗ
1:55,モースル信号かな
1:55,エレクトリカルパレードかな？
1:55,RTA
1:55,なんて？
1:55,かわいい
1:55,なんて？ｗ
1:56,so so
1:56,なるほど
1:56,ガンバ
1:57,やっていこうと思いますって聞こえた笑笑
1:57,ちょっと聞こえるｗ
1:57,通訳班いそげ！
1:57,耳が幸せ
1:57,続きからね了解
1:57,リベンジがんばー
1:57,リベンジマッチ\u3000かかってこい
1:58,続きからやっていくのねｗ
1:58,なんて?
1:58,ikz
1:58,はーい！
1:58,何かいってるんだろうけどわからんｗ
1:58,「やっていこうと思います」
1:59,なんて?
1:59,こんばんキーツね
1:59,なんて？笑
1:59,いい音♪
1:59,リベンジして行きたいと思います？
1:59,なんて?
1:59,ん〜\u3000なるほどねThis is what she meant not understanding .
1:59,おかえり〜
1:59,ええよー！
1:59,ちゃんと喋れてて茶葉
1:59,よろしくお願いしますｗ
1:59,translate ??XD
1:59,すたーとー
1:59,茶葉
2:00,やっていこーと思いますは聞き取れたぞ？
2:00,こんばんは〜
2:00,なんとなくわかるような
2:00,しゃべってるｗｗ
2:00,かわいい
2:00,やっていこうと思います、だけわかったｗ
2:01,すたーと！
2:01,なるほど、わからん
2:01,舞い戻ったきーつね
2:01,すたーとー！
2:01,なるほどね
2:01,がんばれ！
2:01,スタートｗ
2:02,スタート！
2:02,なるほどわからん
2:02,（スタートー）
2:02,なんて？ｗ
2:03,それがこんこんきーつねかな？
2:03,スタート〜w
2:03,なんとなーくわかるｗ
2:03,...うん
2:03,機械生命体みたい言語してんな
2:04,つつぎからやっていこうとおもいます。か、
2:04,スタートだけ分かった
2:04,荒ぶっている
2:04,だれが翻訳して
2:04,あっ
2:05,うんうんなるほーね
2:05,草
2:05,Hi friend
2:05,あｗ
2:06,LOL
2:06,！？
2:06,はやいはやいｗ
2:06,あっ
2:06,来てくれてって言ってるのわかるけど…割とホラー
2:06,なるほど！！なんて？
2:06,あっ
2:06,草
2:06,草
2:06,att
2:07,なるほど
2:07,おわたｗｗ
2:07,おいｗ
2:07,草
2:07,ｗ
2:07,lol
2:07,l0l
2:07,は？？
2:08,lol
2:08,茶葉
2:08,草
2:08,音が綺麗
2:08,ROFL
2:08,草
2:09,早いw
2:09,草
2:09,草
2:09,あっ
2:09,アウトー
2:09,あっ
2:10,あっ
2:10,え？
2:10,え？
2:10,早い
2:11,あっ
2:11,lol
2:11,あっ
2:11,え？？？
2:11,lol
2:12,あっ…
2:12,not even 5 seconds
2:12,リベンジとはw
2:12,草
2:12,早い
2:12,lol
2:13,え？
2:13,草
2:13,草
2:14,あっ
2:14,白上ぃ
2:15,っておーい！
2:15,Welp
2:15,さっきの続きで来てたやんｗ
2:15,LOL
2:15,草
2:16,リベンジとはｗ
2:16,おい！
2:16,??
2:16,速攻で終わったー！！！！w
2:16,草
2:16,草
2:16,おわた
2:17,え？来た瞬間にw
2:18,え？
2:18,あっ
2:18,来たら終わったw
2:18,RTAだああ
2:19,おいおい
2:19,LOL
2:20,草
2:20,最速記録
2:20,草
2:21,LMAO
2:21,あっ
2:21,3rd?
2:22,戻ってこい白上
2:22,Good Luck Translator kun
2:22,英訳/EN Fubuki : ONE MORE TIME!
2:22,え？
2:22,マリカより早くない？
2:23,おっけ
2:23,草
2:23,早いw
2:23,お疲れ様です。
2:24,草
2:24,草
2:24,おつかれさまでしたー
2:25,早いw
2:25,10/10 lol
2:25,一瞬だったw
2:25,おかえり〜
2:25,ダメです
2:25,かわいい...
2:26,いいよー！w
2:26,LOL
2:27,英訳/EN Fubuki : ONE MORE TRY! THAT WAS JUST UNFAIR
2:27,あー…
2:27,草
2:27,茶葉
2:28,即終了しないの〜？w
2:28,不正はなかった
2:28,最速じゃん
2:29,ノーカン！ノーカン！
2:29,おつこんー
2:29,もっかいいこう！ｗ
2:29,もう1回もう1回
2:29,ノーカン！ノーカン！
2:29,早いw
2:30,いいよ！
2:30,いいよ＾＾
2:30,lol
2:30,白上さん？
2:30,草草草
2:31,草
2:31,英訳/EN Fubuki : I DEMAND ONE MORE CHANCE!
2:31,lmao
2:31,どうぞ！
2:31,ノーカン！ノーカン！
2:31,RTAおめでとう
2:31,茶葉
2:32,白上ーーー！！！！！？？？？？
2:32,草
2:32,いいよーー！！
2:33,take3
2:33,そこから始まるのねｗ
2:33,オッケー
2:33,過去最速記録したなｗ
2:33,生き返れ生き返れ
2:33,ノーカン！ノーカン！！
2:33,お疲れ様でした
2:34,ok round 3
2:34,ノーカンね
2:35,いま来たら終わったんだか？
2:35,といことでー
2:35,Take 3
2:35,びっくりした再放送かw
2:35,も一回やろ！
2:36,時間すら数えさせないw
2:36,リベンジ！リベンジ！
2:36,わ3秒もった？
2:36,忘れろビームする？
2:37,もっかい頑張ってー
2:37,リベンジのリベンジ助かる
2:37,という事で
2:38,「ということで」
2:39,ということで〜
2:39,ご飯食べ終わって戻ったらリベンジになってるんだが
2:40,とゆうことで
2:41,otuko-nn
2:41,おつこーんでしたー
2:42,lmao
2:42,3秒くらいだった
2:43,ノーカン！
2:43,無かったことになった
2:43,早い
2:43,ノーカン！ノーカン！
2:43,やったー！
2:44,ん？こんな感じってやったんじゃねぇの？
2:44,ノーカン
2:44,草
2:44,テイク2
2:44,ONE MORE TRY!!
2:45,忘れろビーム！
2:45,take2
2:45,take3
2:45,今来たのに…
2:46,こんばんはー！
2:46,何も無かった。いいね？
2:46,茶葉
2:46,今から開始かな？
2:46,なんだ夢か
2:46,ROUND 3
2:46,草
2:47,リベンジしよう
2:47,おつかれさまでした…？
2:47,なんだ夢か
2:47,リスポーン地点
2:47,あ、やり直したｗ
2:48,スタートから秒で終わったｗ
2:48,take3
2:48,あらら
2:48,早すぎる爆音、俺じゃなきゃ見逃しちゃうね
2:48,茶葉
2:48,茶葉
2:48,おつこーんでした〜〜
2:48,枠そのままtake3（笑）
2:49,もう1回
2:49,lol
2:49,初見です
2:49,ノーカンで！
2:49,so funnyyyyyy
2:50,OP（2回目）
2:50,ノーカン！ノーカン！
2:50,Season3です
2:50,あっ
2:50,なかったことにしようとしてる？？w
2:50,私たちは何も見なかったと
2:50,テイク２！！！
2:50,あ、今始まったとこか〜
2:51,という夢を見たんだ
2:51,忘れたビーム
2:51,RTA優勝
2:52,来たら終わってた
2:52,ノーカン！ノーカン！
2:53,何という執念！！
2:53,一瞬でおわって笑う
2:53,OPからリスタート
2:53,テイク2
2:53,なんだ夢か
2:54,あれ終わった？
2:54,take3
2:54,take 3
2:54,開始１分だった
2:55,即落ち2コマかな？
2:55,茶葉
2:55,あれオープニング流れている
2:55,Take2
2:55,おつCORNでした
2:55,リベンジ Take2
2:56,3秒w
2:56,草
2:56,もうおわた
2:56,おつこんでした!
2:58,ノーカン！ノーカン！
2:59,記憶ないなった
2:59,はじマンボウ
3:00,RTA INDEED
3:01,なんだ夢か
3:01,そこから！？
3:01,という夢を見たんだ
3:02,ノーカン！ノーカーーーン！！！
3:02,多分ロボ子さんのハードコアより早かったで今のww
3:02,fubuki
3:02,伝説級w
3:03,忘れろビームかな
3:03,なにもなかった、いいね？
3:03,lol
3:04,即終了記録更新？
3:04,マリオを超える速度だった・・・
3:05,５秒かな？
3:06,なにもなかった、いいね？
3:06,乙した〜
3:06,今のは忘れろビームやな、
3:06,ノーカン！ノーカン！
3:07,なんだ夢か
3:07,今来ました！
3:07,夢なら仕方あるまい
3:07,とりあえずツーアウトってことで
3:07,何もなかったいいね？
3:08,テイク2!
3:08,ループする世界線か
3:09,Round 3
3:10,RTA更新したな
3:10,Клипперы не профукайте это золото
3:11,これは切り抜かれる
3:12,最短記録更新
3:14,ホロライブ史上最も短い配信になるところだったｗ
3:15,3 3 3 ! ! !
3:16,はやかったなぁw
3:16,なんだ夢か
3:16,かわいい
3:16,あれは夢か
3:17,はじマンボウ
3:17,こんばんきーつね
3:17,世界新記録出ましたわね
3:18,ハンチョウ
3:18,何もなかったね
3:18,これエンディング？
3:18,RTA？
3:19,?肉man:又有肉可以剪了
3:19,可愛かった…w
3:19,なんだ夢か
3:20,配信遅れかな？
3:20,も”っ”がい”
3:20,二回目op助かる
3:21,まだ始まってなかった、いいね？
3:21,ちょっと参加が遅れたらもう終わっていた…だと…
3:21,来たら終わってたｗ
3:21,出た世界新記録ｗ
3:21,楽しみ
3:21,記憶処理するか。これは一回目
3:22,あれ？デジャブかな？
3:24,初見です
3:24,多分忘れろビームを撃たれたんだと思う
3:24,最速かな？
3:25,不正はなかった
3:26,配信してるって思ったら終わったんだだが...
3:26,夢か…
3:27,二度あることはって言うからな〜
3:29,と言う夢を見たのさ
3:29,はやくはやく
3:30,Aクラス記憶処理！！
3:30,take2
3:30,lol
3:31,さっきは夢だ夢
3:31,という夢を見たのさ
3:31,ハーモニカ持ってきた
3:31,え？来たのに終わってんの？
3:32,はじまんぼうセカンドシーズン
3:32,RTA新記録！
3:34,なんだ、夢か
3:35,何もなかったよね？
3:35,3回でも4回でも100万回でもリベンジしてほしい！
3:35,クソ面白かったw
3:36,あれ？
3:37,ROUND 3 lett goo!!
3:38,なんだ夢か
3:38,即落ちなんてなかった
3:38,終わった！？
3:38,なんだただの夢かぁ…
3:39,いまのはワールドレコード出たかもな
3:39,ん？OP？
3:39,モンハン始まったな
3:39,来たら始まってた
3:40,これ切り抜かれるなあ
3:41,最速TAかな？
3:42,キラークイーン・バイツァ・ダスト！！
3:42,なにもなかった、いいね？
3:42,きちゃー！
3:43,本当の爆音はここからだ！！！！
3:45,fox runn
3:45,あれ？今から配信ですか？
3:45,リベンジのリベンジ了解です
3:46,がんばれ白上
3:46,ジャスト一分の夢を見ていた気がする…
3:46,comedy gold
3:46,間に合った
3:46,秒で終わりおったわｗ
3:46,2度あることは、、、
3:47,こんこんきーつね(*・ω・)ﾉ
3:48,なんだ夢か…
3:49,来たら終わってたw
3:49,ゲーム始めた瞬間にハーモニカ吹く悪い夢を見た
3:50,何も無かったいいね？
3:50,なんだ夢か
3:50,おわったんかーい
3:50,終わった
3:51,終わり?
3:51,夢か…？
3:51,夢を見てたんだ俺たちは
3:51,ナニモナカッタ
3:52,take 3 start!
3:52,これは最速なのではｗ
3:52,restart?
3:52,はっ！！さっきまで見ていた白上の配信は！！？？
3:53,夢か…
3:53,ROUND 3 IKUZOOO
3:54,faster speedrun ever..
3:55,何も無かった、いいね？
3:55,f gang
3:55,そろそろかな
3:55,夢夢ww
3:55,気を取り直して、こんばんわー
3:55,さて今日はどんな配信か楽しみだなぁ！
3:56,夢でよかった…
3:56,爆音奏でる度にRestartを演奏してもろて
3:56,"{'text': ""Wasn't even a minute LOL hopefully take 3 is longer!!!!!""}"
3:57,ん？夢を見ていたようだ...
3:58,これは世界最速RTA
3:58,なんだ夢か
4:00,はっ！夢か
4:00,何もなかったんだ
4:01,new speedrun letsego
4:01,バァイツァダスト
4:02,ハーモニカ爆音RTA
4:02,どうしたんだい？まだＯＰが流れてるだけじゃないか
4:02,??
4:02,何も無かった、いいな…？
4:03,負けないで
4:03,リベンジどうなるかなー
4:03,という夢を見たんだ
4:03,時は加速する\u3000
4:05,3st try
4:05,今のタイムは超えられないだろ
4:05,もう一回やらしてーー
4:06,何とか間に合ったか…??
4:06,なんか速攻で
4:06,今から始まるの！？
4:07,Yea let’s go. 
4:07,俺たちは何も見なかった、いいね？
4:08,草
4:09,待機
4:09,RTA記録更新しそうｗ
4:10,始まっていた・・・・・のか？
4:11,なんなら1分かからなかった
4:11,間に合ったー！
4:11,wait what?
4:12,はっ！ここは……
4:13,今日の配信楽しみだなぁ
4:13,revenge final?
4:14,知らない天井だ
4:14,今から始まるのかな？
4:15,なんだ夢かー
4:15,何も始まってないよ？
4:16,切り抜き伝説回が生まれた瞬間である
4:16,という夢を見たのさ！
4:16,今から始まり・・・ってコト？
4:16,ナンダユメカー
4:18,今来たけどまだ始まってないかった？
4:19,こんばんは
4:19,俺たちは悪い夢でも見てたようだ
4:21,よし1回目か
4:21,ツイえら
4:24,なかなか始まらねぇなぁ（すっとぼけ）
4:24,リベンジ楽しみだなー（）
4:25,そうか夢だったのか
4:25,one more time one more chance
4:26,何が始まるんです？
4:27,いっけね〜遅刻遅刻ぅ
4:27,今日は3分くらいOP流れてるのかぁ..トラブルかな？
4:29,スタートとほぼ同時に爆音とか無かった
4:29,なんだ夢か…
4:29,始まる前に間に合った！()
4:29,なんかデジャブ
4:30,中々始まらないねこの放送、トラブルかな？
4:30,これ、実はまだ待機時間だった・・・
4:32,知らない天井だ。。
4:32,いつから始まったと錯覚していた(白目)
4:32,はじまる
4:32,RTAとしては完璧だった
4:33,切り抜かれるな
4:33,次同じくらいの早さで終わったら何かセリフ言って欲しい
4:34,hello
4:34,仏の顔も三度までと・・・誰が仏なんだ？
4:35,まだ始まって・・・リベンジ？？？
4:35,リベンジのリベンジ所望です
4:35,まだOPしか流れてないやん
4:36,lol
4:36,speedrun simulator take 3
4:36,さっき\u3000ちょーかわいいかった
4:36,１分持たないの草
4:37,1回目マジで草
4:37,なんか光線撃たれた気がしたけど何も記憶ないや
4:37,ハーモニカ配信楽しみダナー
4:37,lmao
4:37,五秒で終わったな
4:37,目前にいそうだから、心の準備してからやってもろて
4:38,この手に限る
4:39,あれ？
4:39,はじマンボウ...？
4:40,take 2 season 2
4:41,待ってたよー
4:41,はっ！なんだかリアルな夢だったな…
4:41,待機〜
4:41,はいはいリベンジ
4:42,前の枠見てたらリベンジ枠立ってたｗｗ
4:43,間に合った人もいるらしい...
4:43,ゴールドエクスペリエンスレクイエム\u3000真実に到達することは決してない\u3000
4:44,ノーカン！ノーカン！
4:44,面白すぎる
4:44,かわいいなあ
4:46,忘れろビーム打たれるのか
4:47,どうなるんや？枠閉じて新枠？（
4:47,ヨカッタマニアッター
4:48,!
4:48,よく寝た
4:48,始まった気がしたけど、気のせいだった
4:49,3回目
4:50,知らない天井は草
4:50,あれは夢だったってことぉ？
4:51,LETS GOOOOOOOOO Here it comes!
4:51,木灰
4:52,フブキん、楽しみにしてるぜええぐへへ〜
4:52,配信今からだよね！？まだ始まってないよね！？間に合ったー！
4:53,リハーサルおっけでーす！！
4:53,さっきのはOPの演出か…
4:53,待機〜(●?´▽?`●?)
4:54,nannda yumeka
4:54,切り抜きし大忙しん
4:54,owo ? first time fubuki ?
4:54,OP長めだ間に合った(すっとぼけ)
4:55,再々放送かな？
4:55,おっ\u3000今から！(棒
4:56,夢かぁ
4:56,こんこん♪
4:57,夢を見てたよ…
4:57,take2 letsgo
4:58,忘れろびーーーーむ
4:58,これから始まるんだよ
4:59,なんか配信速攻で終わった夢を見てたわ
4:59,イザナミだ！
5:00,あっ。。。レベンジ？
5:00,３回目頑張ってね
5:01,3度目の正直！
5:02,そして広告が出た世界新記録ｗ
5:02,今日はOP開けるの遅いな
5:04,楽しみだなぁ
5:05,あれ？俺いつ忘れろビーム食らった？
5:06,間に合ってよかった〜
5:06,ホロライブエラーかな？
5:07,すいちゃんの歌ききながらw
5:07,がんばれ〜
5:08,ちょっと遅刻したけど今から始まるのか…良かった〜間に合った〜
5:08,何もなかった\u3000いいね？
5:08,Letsgoooo
5:08,まるですべてが悪い夢だったかのように
5:09,はぇ〜フブキングの放送は待機時間長いんやなぁ
5:09,Speedround part 2
5:12,IKZ
5:12,Why are you streaming just now?!!!
5:12,lul
5:13,ツイできて偉い！
5:13,知らない天井草
5:13,いえーい
5:14,リベンジの、リベンジやね
5:14,早くやろーぜ
5:14,さいこい
5:14,ここまではリハだから
5:15,GAMBARE FRIEND
5:15,リベンジはや
5:16,3度目ｷﾀ━(ﾟ∀ﾟ)━!
5:16,落ち着いて深呼吸(ハーモニカ有りで)
5:16,忘れろびーーーーむぅ！
5:17,いつの間にかリベンジ枠が
5:18,あれ？今始まった？
5:18,さっきまでのは練習さ。これからが本番です
5:18,３回目行く？
5:21,メイドインヘブンで世界一巡してますわｺﾚﾊｧ、、、
5:21,まだ始まってなかった
5:22,フブちゃんの遅刻は珍しいな…
5:22,間に合った！
5:22,間に合ってよかった…
5:23,あれ？これは三途の川！？！？
5:23,もう3回目なのw 後から来たから知らんかったw
5:23,リゾンベか
5:24,さぁリベンジなるか！
5:26,何だ夢か
5:26,なんだただのOP動画か
5:26,即落ち
5:26,待機ｯｯｯ
5:27,なるほど･･････。これがデジャヴというものか･･････
5:27,ノーカン！ノーカン！ノーカン！
5:28,おや？
5:28,お？遅刻か？(すっとぼけ
5:30,3回目？w
5:30,まんぼうw
5:32,who are you guys!?
5:32,Fighting Friend!!
5:33,切り抜きさん大変そうわ
5:33,はじまんぼう！
5:34,女のこの足音がちっちゃいからねぇ・・。
5:35,草草草草草
5:35,ナニモシラナイ
5:35,息を吐くから鳴るんや、吸ったら余裕よ
5:37,本編より待機が長い放送であった
5:38,白上フブキ\u3000リベンジ
5:39,too fast
5:40,リアルがちで今来ました
5:41,いやー4分も始まんないとか中々始まんないなー
5:42,これは公式で切り抜いてほしいなぁｗ
5:42,さっきは見始めて10秒で終わって吹いたｗ
5:42,きら
5:43,忘れろビームってなんだろう（）
5:43,ＨｉＦｒｉｅｎｄ！
5:44,3回目なのか…………
5:44,今日も楽しみ
5:44,スターーート
5:45,最速終了RTA
5:46,ばんば〜
5:46,take3！
5:46,fubuki-chan ^-^
5:46,おかえりー
5:46,リベンジ！
5:46,茶葉
5:47,hi fubuki
5:47,#3
5:47,hi friend!
5:47,プー
5:47,Hi again!
5:48,今度こそ頑張れ〜
5:48,がんばれ！
5:49,Hi friend
5:49,何も見なかった
5:49,You can do it!
5:49,今度は大丈夫です？
5:50,ファイト〜！！
5:50,おかえり〜
5:51,頑張れ！！！
5:51,テイク３
5:51,lmao
5:52,さぁ、リベンジ！
5:52,Hi friend ? ! ! ! 
5:55,何度見てもかわいい
5:55,Speedrun part 2
5:55,eh
5:55,説明時はハーモニカなくてもいいんやで
5:55,こんこんきーつねー！
5:55,Round 2 Season 2 go
5:56,おかえりー
5:56,こんばんきーつね
5:56,先程の映像は第1回のリプレイです。
5:56,Hello again (pt.3)
5:56,Hello again
5:56,たいありでした
5:56,ばんはー
5:57,aaaaaaaa here we goo
5:57,リベンジ！
5:59,何でかもう馴染みのある音
5:59,記憶ないなったー
5:59,hi friend
5:59,こんこんきーつね！
5:59,２５分開始
6:00,不正かな?
6:00,リベンジパート２！
6:00,こんばんきーつねー
6:00,Take2
6:01,IKZZ
6:01,かわいい
6:03,ばんはー
6:03,こんばんは〜
6:03,たのしそう
6:03,恐ろしい夢を見たわ
6:03,おかえりー！
6:04,なんて？
6:05,Hi friend
6:05,ばんわ〜
6:05,覚悟決めよ
6:05,茶葉
6:05,もう後ろにいるｗ
6:05,三度目の正直
6:05,３走目
6:06,かわいい
6:06,白上でーす
6:06,いったいどういうことや・・・！
6:07,こんばんき〜つね〜
6:07,はじめるよ〜？
6:07,こんばんきーつね！白上でーす！
6:07,夢だったらしい
6:07,こ、、こんどこそリベンジ！
6:08,こんばんきーつね
6:09,かわいい
6:09,既にだめそう
6:09,かわいい
6:09,ファイト〜！
6:09,頑張って
6:10,こんこんきーつね、白上デーす
6:10,こんばんきーつねー
6:10,だんだん聞き取れるようになったw
6:10,Hi Friend
6:11,harmonica fox round 2 ikz
6:11,何度見てもかわいい
6:11,おかえり〜
6:11,ばんわー
6:12,実質3枠目
6:15,何言ってるか理解出来るようになったよw
6:15,Hai harmonifriend!!!
6:15,ん！なるほどね！This is what she meant not understanding .
6:15,微妙に何言ってるのか分かるのがウケる
6:15,ばんわ〜
6:16,なんて ? w
6:16,モンハンでゆうところの２乙だ。まだ
6:16,つ、づ、き、かーらー、やっていきまっしょーい、かな？
6:16,ばんはー！
6:16,一回目みれなかったけどこんどは！
6:16,ばんわー
6:17,ばんわ〜(3回目
6:17,それではやっていきまーす
6:17,ばんちゃー
6:17,"{'text': ""Season 3. let's go!""}"
6:17,かわいい
6:18,頑張って〜
6:19,がんばれ！
6:19,平常心よ白上
6:19,なんてｗ
6:19,ファイトー！
6:21,なるほどなぁ
6:21,ばんはー
6:22,がんばってー！
6:22,きてるねぇ
6:22,"{'text': ""round 3 let's go""}"
6:22,ふぁいとー！
6:23,かわいい
6:23,フブちゃんかわいい
6:24,こんばんきーつね
6:24,がんばれ〜
6:24,頑張って〜〜〜〜
6:25,アウトの音量決めよう
6:28,おおー
6:28,ばんは〜
6:28,うなづいたw
6:29,草
6:29,かわいいな
6:30,草
6:31,she like da baby
6:31,かわいい〜
6:31,かわいい
6:32,おお
6:32,がんばれー！
6:32,あら意外と無害
6:32,ｳﾜｰｷﾚｲﾀﾞﾅｧ
6:32,頑張れ！
6:32,こんばんきーつね
6:33,あ、そうやるのか
6:33,おぉ？
6:34,キング・クリムゾン？？
6:34,流石に慣れたかな
6:34,なるほど
6:35,ちょっと弾けるようになってるの草
6:35,頑張れ〜！
6:35,こんばん〜
6:35,がんばれ〜！
6:35,ohhh
6:35,かわいい
6:36,カクカク
6:36,今のうち今のうち！
6:36,My Lovely cowardly fox lol
6:37,こえた
6:37,こんどは大丈夫でしたねｗ
6:37,こんばんはー
6:37,"{'text': ""she doesn't do anything at first""}"
6:38,がんばれ〜
6:38,身代わり
6:38,草
6:38,かわいい
6:38,お邪魔します
6:38,お人形くれるのかな？
6:38,着いてくるだけか
6:38,セーフかな？
6:39,かわいい
6:39,人形です、どうぞ…
6:39,悪い幽霊じゃ無いのか？
6:39,逃げたｗ
6:41,えっ
6:41,かわいいｗ
6:42,がんばれー
6:42,頑張れー！
6:43,すげー絵面
6:43,がんばれー！
6:43,かわいいｗ
6:43,あれ、、
6:43,茶葉
6:43,坂田師匠
6:44,回避した〜
6:44,人形取られたかな
6:44,次はいけますよ！
6:45,じわるなこの状況w
6:45,ガンバえ〜！
6:45,お人形？
6:46,今日のりべんじですか？
6:47,XDDDDD
6:47,まだ襲ってこないからね
6:47,wat ??:D?
6:47,こんばんは
6:48,RTAかな？
6:48,頑張れ〜！
6:48,このゲーム一人だと難易度がね・・
6:48,"{'text': ""did she say 'kawaiii'?""}"
6:48,がんばれ!
6:48,がんばれ〜！！
6:50,１人？
6:50,morse code ?
6:50,即落ち2コマと聞いて
6:51,かわいい
6:51,なんだただのロリか
6:51,攻撃とかはないのか
6:51,顔w
6:51,かわいい
6:52,ねずこ
6:52,がんばー
6:52,これはおもろいわw
6:53,人形渡せばいいのか？
6:53,this is content right here
6:54,かわいい
6:54,Does she really have a kazoo in her mouth the whole time ?
6:55,耐えられてえらい
6:55,かわいい
6:55,neko!
6:57,頑張って
6:57,追ってきたと思ったら人形くれた優しい
6:57,乾巴?
6:59,dududu
6:59,恥ずかしき〜つね
6:59,かわいい
6:59,何分持つかはったはった
6:59,Hi♪ friend 
6:59,相手はロリだから怖くない説
6:59,ぴーぴぴー
7:00,リベンジしてたんだw
7:00,燃やしてこい！
7:00,人形取られたよ〜
7:01,怖くない怖くない
7:01,頑張れ！
7:01,頑張れー！
7:01,がんばれ
7:02,味方か？
7:02,friend needs to find some keys
7:03,かぎかかってるよー
7:03,頑張ってください
7:03,頑張れ〜
7:04,She just wanna be friend with FBK!
7:04,LMAO
7:04,猫がハーモニカ咥えとる
7:04,人形が身代わりなのか？
7:04,空かないよ〜
7:04,かわいい
7:05,初見です。企画の文面だけで面白いのやめてもろて
7:05,こんな物悲しいホラゲ実況これまでにあったか？
7:06,喉大丈夫？
7:06,かわいいｗ
7:06,なんて？
7:06,鍵どこー？
7:07,頑張れ頑張れ
7:07,かわいい
7:07,かわいい
7:08,心拍数も欲しいですね
7:08,あの人形が身代わりなのかな？
7:09,鍵無いねぇ
7:10,まずは探索パートだね
7:10,肌色の人形は身代わりになってくれます
7:10,お？
7:10,なんかしゃべろうとしてるｗｗ
7:10,草
7:11,ｄｂわかるほうがよかったね
7:11,humu humu..
7:12,幽霊って言うよりなんか能力のある人間とかなのかな？
7:12,かぎがひつよぉ〜
7:12,頑張れー
7:12,ふぁいと
7:12,イカガヒツヨ＝
7:12,頑張れ！
7:13,がんばえー！
7:13,かわいいね
7:15,若干だが何言ってるかわかる気がする
7:15,がんばれ！
7:15,人形が取られたよーかな？
7:16,ちょっとここ、鍵多すぎじゃないですか？
7:16,む？
7:16,「人形が取られたよ」？w
7:16,え？
7:17,「鍵かかってるよー」
7:17,baaa
7:17,こんこんきーつね！
7:17,かわいい
7:18,草
7:18,trasnlator please
7:18,"{'text': ""It's a harmonica""}"
7:18,がんばれー
7:18,フブさんは字幕読んでるだけです
7:18,lmao
7:19,屋根裏か
7:19,可愛い
7:19,ぷぁ…
7:19,かわいい
7:19,アピールしてください
7:21,頑張ってー！
7:21,こんどこそ!!
7:21,頑張れー！
7:21,A HARMONICA VOICE new horor film
7:22,草
7:23,大丈夫大丈夫怖くないよ。暗示掛けていこう
7:24,かわいい
7:24,入れる部屋ねーw
7:24,ちょっと声が聞こえるのかわいいな
7:25,演奏会の枠はここで合ってますか？
7:25,なんか開いた
7:26,がんばえー！
7:26,かわいい
7:26,面白すぎる
7:26,今クッソでかいかぎが落ちてるように見えた
7:26,かわいい
7:26,さっき見たって煽ろうにも、見たってほど配信時間なかった
7:28,ふぁいとー
7:29,NEW NAME CALL FBUBUBUBUBUBUBUBU
7:29,Any lipreaders in here?
7:29,怖いなぁ
7:29,がんばれー
7:29,かわいいｗ
7:29,ファイト〜！
7:30,PANIK HARMONICA FOX
7:31,シーン
7:31,何言ってるか何となく分かるのが･･･w
7:32,草
7:32,がんばれ！
7:33,頑張れ！
7:33,FWEEE FWEE FWEEEEEEE FWEE FWEEE FWEEEEEE
7:33,頑張れー！
7:33,困り顔かわいいｗ
7:34,鍵は確か寝室とかにあったなぁ・・・ランダムだったらわかりませんが。
7:34,がんばれー！
7:34,kusa
7:35,かわいい
7:36,かわいい
7:36,がんばれー！
7:36,find the keys friend
7:37,今度コラボでこれやって欲しいね
7:37,人形燃やそ！
7:38,白い人形を燃やすのが目的です
7:38,頑張って〜
7:38,なんか酸欠になりそうな放送や
7:38,かわいい
7:39,くそかわいいｗ
7:39,"{'text': ""She's gonna blow""}"
7:39,がんばれー
7:39, かわいい
7:40,声が
7:40,かわいいｗ
7:40,！？
7:40,鍵はどこだ〜？
7:41,よし、笑わせに走るか
7:41,かわいいｗ
7:41,鍵がない？
7:41,かわいいｗ
7:41,お？
7:41,可愛い
7:41,かわいい
7:41,なんか笑ってる
7:42,かわいい
7:42,頑張ってー！
7:42,こっちが息苦しくなる
7:42,なんとなくわかる気もしなくもない
7:44,なにわろてんねん
7:44,「鍵・・・鍵がない・・・・」
7:44,ガンバレ
7:44,スーファミのカセットを食べる白上フブキ
7:44,こっわ
7:44,ちょこちょこなるハーモニカおもしろすぎんか
7:45,Nice voice changer LOL
7:46,アピールは言った？
7:46,*scared harmonica noises*
7:46,（´_ゝ｀）プｹﾞﾗ
7:46,近いな
7:47,ふぁ
7:47,uhoh
7:47,燃やし尽くしたい
7:48,終わりが見えてきた
7:48,笑い声が。。。
7:48,なんか喋ってる
7:48,かわいい
7:48,鍵が必要だね
7:48,kawaii
7:48,笑われてるぞ白上ぃ！
7:49,なんか笑ってる
7:49,♪
7:49,かわいい
7:49,襲いかかってくる時が肝ですね
7:50,鍵部屋多いなぁ
7:50,微かな声が聞こえる
7:50,始まってた…リベンジ！？
7:50,こ、怖い！
7:50,なんか聞こえる
7:50,なんか声がしたな
7:51,いい演奏
7:51,テレサがいっぱいいるね！
7:51,何わろてんねん
7:51,ざわざわ…
7:51,かわいい
7:51,笑い声した？
7:51,がんばれー
7:51,まず鍵を探さんとな
7:51,ニュアンスわかってくるw
7:52,ハの字眉よき
7:52,なんか笑ってる
7:52,大丈夫かいなーｗｗ
7:53,かわいい
7:53,かわいい
7:53,笑い声！？
7:54,何か笑い声が？
7:55,hellow friends
7:55,かわいい
7:55,ハーモニカになりたい
7:56,こんばんはフブキちゃん
7:56,なにわろ
7:56,何わろてんねん
7:56,やはり薪で何か燃やすのかな
7:57,スーパーイリュージョンショーと聞いて
7:58,ｱﾊﾊﾊﾊ
7:58,*scared harmonice noises
7:59,アピールしてくださーい
8:00,かわいい
8:00,かわいい
8:01,恐怖に負けるな白上
8:01,リアルSAN値ないなるわ
8:01,白上、笑われてる
8:02,かわいい
8:02,暗いなー
8:02,鍵どこだ？
8:03,不意討ちに気をつけて
8:04,かわいい〜
8:04,鍵が無いなぁ...
8:04,かわいい
8:04,YABE
8:05,it seems clippers need Harmonica language class too
8:06,何わろてんねん
8:06,子供の笑い声だぁ！...
8:06,笑い声〜？
8:06,物音が聞こえて「え？」が『ファー♪』なキツネ。
8:07,かわいい
8:08,yabe
8:08,かわいいｗ
8:09,おぉぉ！？w
8:09,なるほど
8:09,鍵どこ？
8:09,鍵ないね
8:09,鍵がない
8:10,i just got here but i love this already lol
8:10,なんか静かですね
8:10,なんだこの状況
8:10,困り顔かわいい
8:10,常に困り顔なのめっちゃかわいい
8:11,かわいい
8:11,hi teman
8:11,かわいいw
8:11,かわいい〜
8:12,こんなのきついやろw
8:12,かわいい
8:14,こないかなーー
8:14,なんて？
8:14,かわいい
8:15,薪はある
8:16,頑張れーfriend！
8:16,かわいい
8:16,かわいい
8:17,白上さんアピールしてください
8:18,何わろてんねん
8:18,かわいい
8:18,かわいい
8:18,chill
8:18,その刺さっているメモリはいくつですか？
8:19,Yabe
8:19,かわいい
8:19,「鍵がないよ〜」
8:20,かわいい
8:20,ハーモニカのせいで怖さが無いｗ
8:20,鍵がないよー
8:20,即終了じゃなくてもええですぜ
8:20,ﾌｧﾌｧﾌｧｰｰｰ
8:20,やったぜ。
8:20,2nd attempt
8:22,恐怖に立ち向かうんだフブキング\u3000負けないで
8:23,角に気をつけろ！
8:23,かわいい
8:24,かわいい
8:24,will you give me your harmonica after streaming
8:25,口を縛られてるふぶちゃ・・いけませんね
8:25,Fubuki at it again with new way to entertain ourselves in horror games
8:26,アピールしてください
8:26,面白すぎる
8:26,かわいい
8:27,ハーモニカで喋ってるけど解読できぬ
8:27,そろそろきそう
8:28,shes speaking in musicalru fox language
8:28,がんばれ〜
8:28,人形が呪怨の俊雄くんみたいで草
8:28,めっちゃこわいよｗ
8:29,かわいい
8:29,ヨダレでべっちょべちょなってそう
8:29,ganbare
8:30,KALM!
8:30,出オチ定期
8:30,頑張って
8:31,かわいい
8:31,再一次~
8:32,これは世界一可愛いきつね
8:32,鍵どこだー？
8:32,なんか音するな
8:33,Lol let’s see how long this one lasts
8:33,i dont understand japanese either so this is fine
8:33,何言ってるかわからん
8:34,ふぇ〜
8:34,かわいいw
8:35,鍵とこだ〜
8:35,下には女の子が待ち構えている・・・とかないかなぁ？
8:36,Turning around!
8:37,かわいい
8:38,かわいい
8:38,確かにまあテレサだと思えば案外…笑
8:38,そろそろホタルの光流しましょうか？
8:39,"{'text': ""goodness i can't understand""}"
8:40,今来たひたすら可愛い
8:41,壁ω・｀)ﾋｮｺ こんにちはしないかな？
8:42,KALM
8:42,角が怖いな
8:42,ニヤニヤ
8:42,え?
8:43,ハーモニカになりたい!!!
8:43,BUBUBUBUBUBUU
8:43,"{'text': ""She's speaking the language of god""}"
8:45,おお？
8:46,言ってること少しわかる気がするww
8:47,お
8:48,鍵？？？
8:49,「あったー！」
8:49,かわいい
8:49,どこだろ？
8:49,ハーモニカかわいすぎかよ
8:49,かわいい
8:50,鍵が見にくいのよ
8:52,カギ探すみたいだね
8:52,かわいい
8:52,lol
8:52,スパニキ、その通りだ
8:54,うんうん(わかんない
8:54,普通に怖いー
8:54,翻訳してる人すごいw
8:55,かわいい
8:55,ん？
8:55,！？
8:56,ひたすら可愛い
8:56,あっ
8:57,リベンジしてたw
8:57,顔、嫌な顔してるのすこ
8:57,俺もハーモニカとして生まれたかった
8:57,鍵どこー？
8:57,ﾌﾟｩ
8:57,ぷ
8:57,かわいいｗ
8:57,かわいい
8:58,草
8:58,プっ！
8:58,ﾊﾟﾌﾟ
8:58,ドアの音が
8:58,幽霊は突然来ます。運ゲーでございます
8:59,んんん？
8:59,あっw
8:59,！？
8:59,ﾌﾟｧｯ
8:59,こんばんわー
8:59,あ、ちんだか？
8:59,お
9:00,GOD FOX SPEAK
9:00,そろそろかな？
9:00,ん？
9:01,ファファファミ♪
9:01,今の怪しかったw
9:02,がんばれー！
9:02,反応がひたすらに可愛い
9:02,クラクションみたいな音がｗ
9:03,鍵どこー
9:03,ヨダレをよこせぇーーー
9:04,はーもにか
9:04,さてあと何分耐えられるのか！！
9:05,A
9:05,round 2?
9:06,かわいいが過ぎるw
9:07,かわいいw
9:07,ぴぃ
9:08,ぷっ（不服）
9:08,只々かわいい
9:08,可愛いな
9:09,ふぶちゃんばんは〜(´･ω･)
9:09,オーブがいっぱい
9:09,ahh ahh naruhodo naruhodo
9:09,かわいい
9:09,ん？
9:09,fubuki is so cute
9:10,頑張れー
9:10,ほぼ行き止まり
9:10,jumscare
9:10,ん？
9:10,そのハーモニカは放送終わりしだいプレゼント?
9:11,可愛いい
9:11,おるやんけ
9:11,狐で\u3000化かすのにはなれてるけど、驚かされるのにはなれてないんやね〜
9:11,ハーモニカ言語検定受けてこないと
9:11,クリアリングだぁ
9:12,ロリだから怖がる必要ないぞい！！
9:13,あっどうも
9:13,茶葉
9:14,ｗｗ
9:14,lol
9:14,"{'text': ""It's nine o'clock on a Saturday ~ ♪""}"
9:14,えぇ…
9:15,緊張感あるね
9:15,おっと
9:15,おるw
9:15,！？
9:16,むむ
9:16,いた笑笑
9:16,クリアリング大事だね
9:16,ファ♪
9:17,あっ
9:17,おるやんけ！！
9:17,寝室の鍵結構いるなこりゃ
9:17,TOOOOOOT
9:17,ちょこちょこバックステップ挟むの笑う
9:19,あぶね
9:19,ya be
9:19,やべ
9:19,かわいい
9:20,鍵だー
9:20,おお！
9:20,なにかいた
9:21,cute
9:21,biiiiiiii
9:21,鍵だー！
9:21,あったー
9:21,おお！
9:22,かわいい
9:22,お!鍵だ
9:22,鍵だー
9:22,慣れたか?
9:22,鍵だー
9:22,鍵だ〜〜〜
9:22,どこ？って言ってる気がする(｀・ω・´)
9:22,ウワァァァァァァ！！！
9:23,かぎだー
9:23,じわるｗ
9:23,がんばれ〜がんばれ↑
9:23,"{'text': ""I've been wondering what is that on her mouth lmao""}"
9:23,鍵だ〜
9:24,「鍵だー」
9:24,こっわ
9:24,鍵ゲット
9:25,かわいいw
9:25,いたね((´∀｀*))ヶﾗヶﾗ
9:26,ああああ
9:26,お？
9:26,アウト
9:26,あうとー
9:26,かぎだぁ
9:27,lol
9:27,あ
9:27,かぎだー！
9:28,ふぁー！
9:28,草
9:28,ファー
9:28,あーー
9:28,あっ
9:28,LOL
9:29,かわいい
9:29,草
9:29,ふぁーーーー
9:29,ん？
9:29,怖い
9:30,セーフ
9:30,found 3
9:30,あれはアウトだよね？
9:31,これはセーフ
9:31,おや？
9:31,セーフ
9:31,来るのかな？
9:31,鍵だ〜
9:32,あっ
9:32,YA BE
9:32,かわいい
9:32,うん？
9:33,かわいい
9:33,これはセーフなのか？
9:33,あっ
9:33,lmao
9:34,あっ
9:34,これはセーフか？
9:34,草
9:34,かわいい
9:34,あっ
9:35,ギリセーフかな？
9:35,鍵だー！
9:35,セーフ？
9:36,アウト
9:36,爆音…ではないな
9:37,ん？
9:37,草
9:37,押さえた
9:38,はい、よーいスタート
9:38,草
9:39,「なになになに」
9:39,アウトアウト？
9:39,今のなんの声？
9:39,code Morse
9:39,一定の綺麗な音ー
9:41,まだセーフ
9:41,かわいいー
9:41,まだ心地よい音色w
9:42,まだセーフ
9:42,お？お？アウト？アウト？
9:43,くるぞ
9:43,ギリセーフか…？
9:43,ギリセーフ
9:43,鍵ナイスゥ！
9:43,ノーカン！ノーカン！
9:43,リズミカルやなー
9:44,YABE
9:44,セーフ…？
9:44,まだいける
9:45,可愛い。このゲームはFPSのクリアリングしていくと楽だよ。
9:45,セーフセーフ
9:45,モールス信号
9:46,急ぐときのテーマ
9:46,You can do it!
9:46,まだセーフ
9:46,耐えてる
9:46,ん？
9:47,YA BE
9:47,セーフか？？
9:48,あうと〜
9:48,セーフ？
9:48,セフト？
9:48,ギリギリ
9:49,かわいい
9:49,かわいい
9:49,まだセーフ
9:49,ギリセーフ？
9:50,警告音
9:50,うーん…セウト！
9:50,これはセーフかな
9:50,現代音楽
9:50,たぶんなんか喋ってるんだろうけど如何せんハーモニカなんでw
9:51,やばい
9:52,かわいい
9:52,かわいい
9:52,まだだ…!
9:52,beautiful song
9:53,セーフ！？
9:53,これはセーフなの？
9:54,セーフセーフ
9:54,tut tut tut
9:55,SAN値が限界ｗ
9:55,ちょっと何喋ってるかきこえるのかわいい
9:56,モールス信号みたいw
9:56,息荒くない?
9:57,カタカタカマカマ
9:57,爆ではないかな
9:58,セーフセーフ
9:58,kowasugiru
9:58,ピピッピッピピッ
9:58,セーフセーフ
9:58,ギリセーフか？
9:59,セーフ
9:59,逃走中みたいな音色がｗ
9:59,音階変わるの草
9:59,音楽奏でてて草
10:00,耐えた
10:00,かわいい
10:00,セーフ…？
10:00,がんばってー！
10:01,かわいいなぁw
10:01,爆音ではない気がする
10:01,セーフということにしたほうがかわいいのでセーフ
10:02,可愛いからセーフ
10:02,どこいけばいいんだろうね…
10:02,yabe
10:03,モールス信号？
10:03,今のはコントロールして出してた
10:03,セーフ
10:03,息吸うだけで音が鳴るんご
10:03,どこいけばいいの
10:03,まだ、セーフ
10:03,大丈夫
10:03,Ya be
10:03,あうと？
10:03,せーふせーふ
10:04,息が荒いw
10:04,あっ
10:04,セーフ…？
10:04,ヤバイ新しい扉開けそう
10:04,うわああああああああ
10:04,なんか能天気に聞こえる
10:05,大丈夫！
10:05,あ！
10:05,アウトーｗ
10:06,あ
10:06,あ
10:06,あｗｗ
10:06,あっ
10:06,ｗ
10:07,おおおお
10:07,lmao 
10:07,あw
10:07,あっ
10:07,おわ
10:07,あっ
10:07,あっ
10:07,あっ
10:07,草
10:07,草
10:07,乙
10:07,あｗ
10:08,反復横跳びしてた
10:08,負けた
10:08,草
10:08,HAI OWARI
10:08,あっ
10:08,あっ
10:08,茶葉
10:08,草
10:08,終わった
10:08,笑笑
10:08,LMAO
10:08,アウトぉ！
10:09,LMAO
10:09,あっ
10:09,茶葉
10:09,茶葉
10:09,草
10:09,草
10:09,これはアウト
10:09,草草草
10:09,あっ・・・・
10:09,草
10:10,あー
10:10,だめかー
10:10,OUT！
10:10,草
10:10,いい音色！
10:10,草
10:11,lmao
10:12,アウトぉー！！！！
10:13,茶葉
10:13,?????????????
10:13,いい演奏でしたw
10:13,あっ
10:14,大団円
10:14,RIP!
10:14,草
10:15,振り返ったらいたｗ
10:15,かわいい
10:16,アウト？
10:16,終わった(笑)
10:16,草
10:17,LMAOOOO
10:17,あっ
10:17,アウトォ！
10:17,爆音奏
10:17,あっ
10:17,あっ
10:17,あっ
10:18,草
10:18,おつコーン
10:18,草
10:18,かわいい
10:18,sadness
10:18,BYE BYEE
10:19,あっ
10:19,音のソノリティ 〜世界で一つだけの音色〜
10:19,あっ
10:19,飛ぶのかー
10:20,まだセーフでは？
10:20,LMAO
10:21,LMAO
10:21,あっ
10:21,あっ…
10:21,GG
10:21,え？
10:21,ああああ
10:21,〜Fin〜
10:21,lol
10:22,LOL
10:22,おつコーン
10:22,あっ
10:22,開いた瞬間終わったああああああ
10:22,草
10:23,NOOOOOOOOO
10:23,ガシャン
10:24,poor friend
10:24,ドンマイ…
10:25,草
10:25,あっ
10:25,あっ
10:25,おつかれー
10:26,やっちまったか
